Service name,Source website URL,Summary text,Self-referral,Age
NATTER - Mental Health Innovations,,"Get confidential support through text messaging. You can text about anything that’s on your mind. Your text will be answered by trained volunteers.
<a title=""More info about Natter"" href=""https://bestforyou.org.uk/text-natter-24-7-support/"" target=""_blank"" rel=""noopener"">More about NATTER</a>",1,4|5|6|7|8|9|10|11|12|13|14|15|16|17|18|19|20|21|22|23|24|25
Samaritans,https://www.samaritans.org/how-we-can-help/contact-samaritan/,"You can speak to a trained volunteer at Samaritans about anything you’re going through. The volunteer will help you work through whatever is on your mind – they will not tell you what to do. If you email, it might take several days to get a response.",1,4|5|6|7|8|9|10|11|12|13|14|15|16|17|18|19|20|21|22|23|24|25
Alateen online meetings Al-Anon,https://al-anonuk.org.uk/alateen/,Online meetings on Zoom for young people who are affected by a relative or friend’s alcohol use. Young people share their experiences and help and support each other.,1,12|13|14|15|16|17
Talk to Frank,https://www.talktofrank.com/,"Provides honest information and advice about drugs, helping young people understand risks, effects, and choices, and supporting those worried about drug use.",1,8|9|10|11|12|13|14|15|16|17|18|19|20|21|22|23|24|25
Paws to Listen phone line Cats Protection,https://www.cats.org.uk/what-we-do/grief/paws-to-listen,"A phone line offering practical information and emotional support for people who need to talk about pet-related grief. Older young people can call the helpline themselves, but parents and carers can call to talk about how to support younger children too.",1,14|15|16|17|18|19|20|21|22|23|24|25
Child Bereavement UK,https://www.childbereavementuk.org/about-our-helpline,"Supports children, young people and families affected by bereavement, offering help to cope with grief after the death of someone important or when someone is dying.",1,8|9|10|11|12|13|14|15|16|17|18|19|20|21|22|23|24|25
Cruse bereavement support helpline Cruse,https://www.cruse.org.uk/get-support/helpline/,Phone helpline that offers emotional support to anyone affected by grief. You can talk to the trained volunteers about your feelings and how you've been coping.,1,8|9|10|11|12|13|14|15|16|17|18|19|20|21|22|23|24|25
Drinkline,https://www.drinkaware.co.uk/advice-and-support/alcohol-support-services/chat-with-an-advisor/,"Confidential advice and support for anyone concerned about alcohol use, whether their own or someone else’s, including information about health risks and options for further help.",1,8|9|10|11|12|13|14|15|16|17|18|19|20|21|22|23|24|25
GALOP,https://www.galop.org.uk/helpline,"Supports LGBTQ+ people who have experienced abuse, violence, or hate crime, offering specialist advice and help to improve safety, wellbeing, and recovery.",1,18|19|20|21|22|23|24|25
GamCare,https://www.gamcare.org.uk/get-support/talk-to-us-now/,"Information, advice, and support for anyone affected by gambling. You can get in touch about your own gambling, or someone else’s. It doesn’t matter how long it’s been going on.",1,8|9|10|11|12|13|14|15|16|17|18|19|20|21|22|23|24|25
Grief Encounter,https://www.griefencounter.org.uk/get-support/support-services/counselling/,"One-to-one therapy for young people who have experienced the death of a parent, sibling, sibling figure, or other main carer. You must be at least 4 months bereaved and not receiving any other therapy. This service cannot support young people who are actively self-harming or experiencing suicidal ideation.",1,4|5|6|7|8|9|10|11|12|13|14|15|16|17|18|19|20|21|22|23|24|25
ZAP workshops Kidscape,https://www.kidscape.org.uk/training-and-workshops/zap-workshops-for-young-people-impacted-by-bullying,A therapeutic workshop for young people impacted by bullying. The workshop gives young people practical strategies that help build their confidence so they can take action to prevent bullying behaviour. Most of the workshops are run online and a parent or carer needs to be with the young person.,1,9|10|11|12|13|14|15|16|17
Muslim Women’s Network,https://www.mwnhelpline.co.uk/contactus.php,"Provides culturally sensitive support for Muslim women and girls facing issues such as abuse, mental health difficulties, discrimination, or family and relationship problems.",1,8|9|10|11|12|13|14|15|16|17|18|19|20|21|22|23|24|25
Nacoa,https://nacoa.org.uk/about-nacoa/helpline/calling-the-helpline/,"Supports children and young people affected by a parent’s drinking, offering reassurance, advice, and understanding to help them cope with the impact at home.",1,8|9|10|11|12|13|14|15|16|17|18|19|20|21|22|23|24|25
OCD Action,https://ocdaction.org.uk/online-support-groups/,"Provides support and information for people affected by obsessive compulsive disorder, helping them understand symptoms, access treatment, and manage daily challenges.",1,18|19|20|21|22|23|24|25|14|15|16|17
Pyramid Youth Group (online) Spectra,https://spectra-london.org.uk/spectra_services/young-persons-lgbtq-group/,Online youth club sessions over Zoom for LGBTQI+ young people to socialise and find support.,1,13|14|15|16|17|18
Survivors UK,https://www.survivorsuk.org/helpline/,"Offers specialist support for male and non-binary survivors of sexual abuse, helping people cope with trauma, improve wellbeing, and access ongoing emotional support.",1,8|9|10|11|12|13|14|15|16|17|18|19|20|21|22|23|24|25
The Mix Counselling service The Mix,https://www.themix.org.uk/counselling/,Up to 8 sessions of counselling online (or over the phone) to support young people with their mental health and wellbeing.,1,13|14|15|16|17|18|19|20|21|22|23|24|25
The Proud Trust,https://www.theproudtrust.org/proud-connections/proud-connections-live-chat/,"Supports LGBTQ+ young people with issues around identity, mental health, and wellbeing, offering safe spaces, information, and guidance to help them feel supported and understood.",1,8|9|10|11|12|13|14|15|16|17|18|19|20|21|22|23|24|25
Winston’s Wish,https://winstonswish.org/supporting-you/grief-support-young-people/,"Provides support via live chat, phone, email and text including one-to-one support, group support and specialist therapy.",1,8|9|10|11|12|13|14|15|16|17|18|19|20|21|22|23|24|25
NHS 111 NHS,https://111.nhs.uk/triage/check-your-mental-health-symptoms,Enter your symptoms into NHS 111 online or call NHS 111 to find out what to do to get the right support.,1,8|9|10|11|12|13|14|15|16|17|18|19|20|21|22|23|24|25
HOPELINE247 Papyrus,https://www.papyrus-uk.org/papyrus-hopeline247/,Hopeline advisers work with people to understand why they might have thoughts of suicide. They also provide a safe space to talk through anything happening that could be affecting someone’s ability to stay safe. You can request the language line if you aren’t able to (or would prefer not to) speak English.,,8|9|10|11|12|13|14|15|16|17|18|19|20|21|22|23|24|25
Childline NSPCC,https://www.childline.org.uk/get-support/,"You can talk to a Childline counsellor about whatever you’re going through. Childline is confidential and there are different ways to get in touch. You can contact Childline at any time, but their counsellors might not be able to talk to you for as long at night.",1,8|9|10|11|12|13|14|15|16|17
Sport & Thought Brent Centre for Young People,https://www.brentcentre.org.uk/our-services/sport-and-thought,"A special type of therapy that uses football to help young people who struggle to manage their feelings, who are struggling to go to school, or who are vulnerable to exploitation",,14|15|16|17|18|19|20|21
Support for disordered eating Brent Centre for Young People,https://www.brentcentre.org.uk/our-services/support-for-disordered-eating,A supportive space where young people facing eating difficulties and body image concerns can talk about it openly.,,14|15|16|17|18|19|20|21
The Irish Project Brent Centre for Young People,https://www.brentcentre.org.uk/our-services/the-irish-project,Talking therapy for young people as well as flexible support tailored to young Irish Travellers,,14|15|16|17|18|19|20|21
Youth Offending Service Brent Centre for Young People,https://www.brentcentre.org.uk/our-services/youth-offending-service-yos,"A range of services to support the rehabilitation process, including victim awareness sessions, adolescent exploratory therapy, and parent sessions.",,14|15|16|17|18|19|20|21
Therapy and support Brent Centre for Young People,https://www.brentcentre.org.uk/our-services/introduction#inhouseservices,"Adolescent Exploratory Therapy, a special type of therapy developed for young people, alongside practical support.",,14|15|16|17|18|19|20|21
Elev8 Via,https://www.viaorg.uk/services/brent-elev8/,"Advice, information, and 1-2-1 sessions with a support worker (in person or online) for young people who are worried about their drug or alcohol use or emotional wellbeing",1,10|11|12|13|14|15|16|17|18|19|20|21|22|23|24|25
New Beginnings Via,https://www.viaorg.uk/services/brent-new-beginnings/,"Support for adults worried about their alcohol or drug use. You can access regular sessions with your keyworker, support groups (including an abstinence day programme), weekend drop-in support, and weekly women-only spaces.",1,18|19|20|21|22|23|24|25
Mentoring Julian Campbell Foundation,https://juliancampbellfoundation.org/w/our-services/,Mentoring that supports young people to gain knowledge and tools to manage their mood and wellbeing.,1,11|12|13|14|15|16|17|18|19|20|21|22|23|24|25
Bang Create Change,https://wearebang.com/projects/create-change/,"A specialist, creative therapy service that offers one-to-one and?group sessions.",1,8|9|10|11|12|13|14|15|16
Bang Bang Evolution,https://wearebang.com/projects/bang-evolution/,A mentoring and coaching programme that offers one-to-one and group sessions to build confidence.,1,8|9|10|11|12|13|14|15|16|17|18
West Central London Mind Suicide bereavement support for children and young people,https://allkind.org.uk/children-young-people-services/suicide-bereavement-support-for-young-people/,"One-to-one, confidential support for young people who have been affected by suicide. This service used to be provided by West Central London Mind – the organisation has rebranded and changed its name to Allkind.",1,8|9|10|11|12|13|14|15|16|17|18
Arts for Life Project Arts for Life Project,https://www.artsforlifeproject.org,"A range of services, including group art sessions, one-to-one clinical therapy, one-to-one art and wellbeing sessions, and one-to-one mentoring.",1,8|9|10|11|12|13|14|15|16|17|18|19|20|21|22|23|24|25
Big Buddies Family Friends,https://www.familyfriendscharity.co.uk/big-buddies,Pairs young people with adult volunteers to provide support and companionship during challenging times.,,10|11|12|13|14|15|16|17|18|19|20|21|22|23|24|25
Pyramid Youth Group (in person) Spectra,https://spectra-london.org.uk/spectra_services/young-persons-lgbtq-group/,In person youth club sessions for LGBTQ+ young people in London to socialise and find support. These in-person sessions run in addition to online sessions. The online sessions happen more often.,1,13|14|15|16|17|18
Online counselling Spectra,https://spectra-london.org.uk/spectra_services/young-persons-counselling/,"Up to 12 sessions of online counselling for LGBTQ+ young people. You can chat to your counsellor or explore though creative media like drama, poetry, and art-making. If you are under 16, you need a parent or carer’s consent to access this service.",1,13|14|15|16|17|18
One-to-one support for neurodivergent young people Centre for ADHD and Autism support,https://adhdandautism.org/services/youth/,Around 6 sessions of blended online and face-to-face support from youth workers for young people who are autistic or have ADHD.,1,11|12|13|14|15|16|17|18|19|20|21|22|23|24|25
Social groups for neurodivergent young people Centre for ADHD and Autism support,https://adhdandautism.org/services/youth/,"A range of social groups for young people including groups based around films, quizzes, creativity, and socialising. Some groups are only for people who live in Harrow or Hillingdon. Each group has its own age limits, but people aged 18 and over can find more groups on the 'for adults' section of the CAAS website.",1,8|9|10|11|12|13|14|15|16|17|18|19|20|21|22|23|24
Courses for neurodivergent young people Centre for ADHD and Autism support,https://adhdandautism.org/services/youth/,"Courses on topics including becoming an adult, building confidence, making the right choices and seeing the positives in having ADHD or being autistic. Different courses have their own age limits and people over 18 can find more groups on the 'for adults' section of the CAAS website.",1,12|13|14|15|16|17|18|19|20|21|22|23|24|25
Personalised task support for autistic adults Centre for ADHD and Autism support,https://adhdandautism.org/services/adults/,"Support for autistic adults with practical things like making phone calls, filling out forms, applying for benefits, or making CVs.",1,18|19|20|21|22|23|24|25
Brent Outreach Autism Team (BOAT) Brent Council,https://www.brent.gov.uk/boat,Support for mainstream state schools that have autistic pupils. Support is provided to the staff at the school – this service does not directly support young people or families. Only educational settings can make referrals to BOAT.,,8|9|10|11|12|13|14|15|16|17|18
Violence and Exploitation Support Service Safer London,https://saferlondon.org.uk/young-londoners-affected-by-violence-and-exploitation,"One-to-one support from Specialist or Expert Caseworkers for young people who are directly impacted or at significant risk of violence, criminal exploitation, and/or sexual exploitation. Young people received tailored support in safe, trusted spaces like schools, cafes or community spaces – support can be offered online if needed.",1,8|9|10|11|12|13|14|15|16|17|18|19|20|21|22|23|24|25
Counselling and therapeutic support Women and Girls Network,https://www.wgn.org.uk/our-services/counselling-and-therapeutic-support/,"Specialist counselling and therapeutic services are for women and girls living in London who have experienced any form of gendered violence or sexual violence, including female genital mutilation, honour-based violence, and forced marriage.",1,8|9|10|11|12|13|14|15|16|17|18|19|20|21|22|23|24|25
Counselling and case work support Survivors UK,https://www.survivorsuk.org/young-people/,"Support for boys, men, and non-binary people who have ever experienced unwanted sexual activity (such as words, images or touch). You can get emotional and practical support from Independent Sexual Violence Advisors, practical support from case workers, or counselling in-person or over the phone, video call, or WhatsApp messaging.",1,13|14|15|16|17|18|19|20|21|22|23|24|25
Support for LGBTQ+ young people worried about abuse GALOP,https://www.galop.org.uk/children-young-people,Support for LGBTQ+ young people who are worried about abuse or violence. GALOP can provide advice and emotional support. They also have advocates who take actions on your behalf to help you talk to other professionals and  sort out practical issues.,1,13|14|15|16|17|18|19|20|21|22|23|24|25
Young Person’s Club Mosaic Trust,https://www.mosaictrust.org.uk/lgbt-young-persons/,"Weekly sessions for LGBTQ+ young people near Warren Street/Camden town. You can make new friends, sign up for (and help create) workshops, and join the Culture Club, which provides free or discounted trips to LGBTQ+-related cultural experiences like theatre shows and exhibitions.",1,12|13|14|15|16|17|18
Young Adults’ Group Mosaic Trust,https://www.mosaictrust.org.uk/young-adults/,,1,18|19|20|21|22|23|24|25
Mentoring Mosaic Trust,https://www.mosaictrust.org.uk/lgbt-young-persons/,"Impartial, friendly, and trustworthy advice for LGBTQ+ young people from an  older LGBTQ+ person with similar lived experiences. Your mentor can help you to better manage practical issues you might face in areas like relationships, family, or school.",1,12|13|14|15|16|17|18|19|20|21|22|23|24|25
Mosaic Works Mosaic Trust,https://www.mosaictrust.org.uk/lgbt-young-persons/,"Paid one or two week work experience placements for LGBTQ+ young people, aiming to reduce the barriers young LGBTQ+ people face to entering and thriving in work. Placements are with companies who have signed up to be Mosaic Works Sponsors.",1,15|16|17|18|19|20|21|22|23|24|25
Online counselling Mosaic Trust,https://www.mosaictrust.org.uk/lgbt-young-persons/,"Counselling for young LGBTQ+ people to promote self-understanding and self-acceptance. The counsellors all identity as lesbian, gay, bi, or trans and work with young people to help them understand their emotions and past experiences, while helping them learn strategies to better manage their lives.",1,12|13|14|15|16|17|18|19|20|21|22|23|24|25
"Support for young refugees, asylum seekers, and unaccompanied minors in the UK Paiwand",https://paiwand.com,"A range of services for young refugees, asylum seekers, and unaccompanied minors in the UK including one-to-one mentoring. Paiwand offers practical guidance and emotional support in English, Dari, Pashto, and Farsi. Counselling is available in Arabic and English for people aged 15 to 30.",1,11|12|13|14|15|16|17|18|19|20|21|22|23|24|25
One-to-one support Young Roots,https://www.youngroots.org.uk/casework-service,"Practical and emotional support to help young asylum seekers and refuguees navigate whatever challenges they’re facing, including the asylum system, age assessments, homelessness, detention, mental health, and education. You can drop in to the hub without an appointment – the Brent hub supports young people from Brent and the surrounding area. ",1,14|15|16|17|18|19|20|21|22|23|24|25
Activities for young refuees and asylum seekers Young Roots,https://www.youngroots.org.uk/youth-activities,"Activities including sports, arts and creative sessions, and English languaage and homework support. You can drop in to the hub without an appointment – the Brent hub can also support young people from neighbouring boroughs.",1,14|15|16|17|18|19|20|21|22|23|24|25
"Information, advice, and workshops SAAFI",https://www.saafi.org.uk,"A range of services from a community-based organisation inluding advice and information, training and workshops, and helping people access the support they need. SAAFI was founded by British-Somali mothers, but extends its services to all communities where English is not their first language.",1,8|9|10|11|12|13|14|15|16|17|18|19|20|21|22|23|24|25
Therapy for survivors of torture Freedom from Torture,https://www.freedomfromtorture.org/get-support/therapy-and-practical-help,"Trauma-focused therapy for children and adults of all genders who have survived physical and psychological torture or organised violence, as well as further services for survivors of torture including creative group activities and social groups and practical advice for those seeking asylum.",1,8|9|10|11|12|13|14|15|16|17|18|19|20|21|22|23|24|25
Support for young carers Honeypot,https://www.honeypot.org.uk/our-services,"A range of offers for young carers including memory making days, breaks to help young people progress in education, respite breaks, and a wellbeing fund to help young carers from deprived backgrounds to access essential items. Young carers need to be referred by a professional, like someone at school or a young carers’ organisation.",,8|9|10|11|12
Brent Young Carers Service Brent Carers Centre,https://brentcarerscentre.org.uk/what-we-do/young-carers/,"A range of support for young carers, including advice and information, a space to chat, opportunities to meet other young carers, support groups, and social activities.",1,14|15|16|17|18|19|20|21|22|23|24|25
Supportive Action for Families in Ealing Ealing Council,https://www.ealing.gov.uk/info/201023/children_and_families_social_care/1187/safe_-_supportive_action_for_families_in_ealing,"Supportive Action for Families in Ealing (SAFE) supports families by giving them information and advice and supporting them to get the right help as soon as possible, so a manageable problem does not get bigger. SAFE can help with young people’s mental health, behaviour, drug and alcohol use, and home situations, as well as teenage pregnancy.",1,
Food-growing and creative sessions MindFood,https://mindfood.org.uk,"Supports adults experiencing anxiety, depression, stress or isolation through a range of courses including courses with a focus on wellbeing and growing food and nature-inspired creativity, as well as a drop-in programme. They also run specific sessions for men (and non-binary people who feel comfortable in a space that centres male experience), as well as an 'at home' programme for people who can’t (or aren’t) ready to go in-person.",1,18|19|20|21|22|23|24|25
Easy Project Ealing Change Grow Live,https://www.changegrowlive.org/service/ealing-easy-project/info,"Supports children and young people who are using (or thinking of using) alcohol or drugs, or who are affected by anyone else using alcohol or drugs. You do not have to be addicted to substances to get support, and you do not have to be ready to give up alcohol or drugs to get support.",1,10|11|12|13|14|15|16|17
Ealing RISE Change Grow Live,https://www.changegrowlive.org/service/ealing-rise,"Supports adults who want to cut down or stop their use of drugs or alcohol through one-to-one support sessions, counselling, groupwork,and  medically-assisted treatment. They can also refer on to other services.",1,18|19|20|21|22|23|24|25
Women’s Wellness Zone Ealing Change Grow Live,https://www.changegrowlive.org/service/ealing-womens-wellness-zone/info,"Supports women who are experiencing three (or more) issues including: drug or alcohol use, mental health issues, domestic abuse, involvement with the criminal justice system, selling sex or sex trafficking. Offers guidance and support, referrals and assessments, and access to community inpatient detoxificaton and rehabilitation services.",1,18|19|20|21|22|23|24|25
Ealing and Hounslow Young Carers Project Brentford FC Community Sports Trust,https://www.brentfordfccst.com/en/young-carers,"Offers young carers  information and advice, fun activities in school holidays, weekly youth clubs, school support and one-to-one support.",1,8|9|10|11|12|13|14|15|16|17|18
Youth clubs EASE (Empowering Action & Social Esteem),https://www.empowering-action.org.uk/ease-youth-clubs/,"Youth clubs across three locations in Ealing offering activities including arts and crafts, boad hames, sports and fitness, cooking, trips, mentoring, Dj sessions, and gang prevention workshops.",1,11|12|13|14|15|16|17|18|19
The Refresh Project EASE (Empowering Action & Social Esteem),https://www.empowering-action.org.uk/the-refresh-project/,"Up to 10 sessions of one-to-one coaching and group support for adults in Ealing. You can talk about what’s going on in your life (incluing emotions or relationship or other challenges) and get support to identify and work towards your goals. Support is provided by phone, online, and in-person.",1,18|19|20|21|22|23|24|25
Youth Centres Young Ealing,https://www.youngealing.co.uk/youth-centres/,"Offer a range of programmes and activities including arts, sports, cooking, music studio, fitness suite, and DJing. You can also use computers and access support from adults. There are centres across Ealing.",1,11|12|13|14|15|16|17|18|19
Horizons Education and Achievement Centre. Young Ealing,https://www.youngealing.co.uk/services-for-looked-after-children/,"Support for young people who are in care or have recently left care, including from youth workers, teachers, social workers, health staff, employment workers and arts and music consultants. You can also get involved in activities like quad biking, going to the theatre, and rock climbing.",1,11|12|13|14|15|16|17|18|19
Ascent EACH,https://eachcounselling.org.uk/ascent/,"Up to 21 sessions of one-to-one counselling for women with current or past experience of domestic violence or abuse. Counselling is available in Gujarati, Hindi, Punjabi, Urdu, Pashto and English.",1,16|17|18|19|20|21|22|23|24|25
Jasmine Project EACH,https://eachcounselling.org.uk/jasmine/,"Offers counselling and support groups to women who are affected by domestic violence or abuse, trauma, mental health issues, or problematic drug or alcohol use.",1,18|19|20|21|22|23|24|25
Tamil Mental Health Counselling Project EACH,https://eachcounselling.org.uk/tamil-mental-health-counselling-project/,Provides culturally-appropriate counselling for adults from the Tamil community experiencing mental health problems. Counselling is with a qualified Tamil-speaking counsellor.,1,18|19|20|21|22|23|24|25
Star Cenrte EACH,https://eachcounselling.org.uk/star-centre/,"A drop-in service for people with low or moderate mental health needs offering activities like IT classes, quizzes, meals, peer volunteer training, and signposting. It does not offer therapy or counselling, or support for people with high-level mental health needs. You need to be referred by a professional like a keyworker or GP.",,18|19|20|21|22|23|24|25
Mosaic Minds counselling EACH,https://eachcounselling.org.uk/mosaic-minds/,"Counselling for BAME communities in Hounslow, for people who have experienced trauma, PTSD, depression, anxiety and poor mental health.  There is also an after/care support group within the commuity for people to build connections.",1,18|19|20|21|22|23|24|25
Accelerated Support Team EACH,https://eachcounselling.org.uk/ast/,"Supports young people and their families in crisis situations that could result in family breakdown, intervening when the situation at home appears to be getting more serious, as well as where there is a risk of young people entering the care system if the situation does not improve.",1,11|12|13|14|15|16|17
Building Bridges Lasting Support,https://lastingsupportfoundation.org/building-bridges-self-referral/,"Support for children and young people who have experienced domestic violence or harm at home. Weekly sessions include creative actitivies and sports therapy, as well as CBT therapy and wellbeing and mindfulness sessions. Sessions are held in Hanwell.",1,8|9|10|11|12|13|14|15|16|17|18
Sporting Souls Lasting Support,https://lastingsupportfoundation.org/sporting-souls/,A blend of MMA sports therapy and emotional support to help young people build confidence and step away from negative influences by giving them emotional support and the chance to build skills and make friends. You need to be referred by a professional.,,
Mentorship Matters Lasting Support,https://lastingsupportfoundation.org/mentorship-matters/,"Offers young people who are struggling with personal challenges (like behavioural and emotional issues) one-to-one mentoring, workshops, group activities, and the opportunity to hear from guest speakers. The programme covers topics including communication, goal setting, identity and conflict, and dealing with rejection. You need to be referred by a professional.",,
One-to-one counselling West London Action for Children,https://www.wlac.org.uk/programmes/one-to-one-counselling,"Offers a variety of different therapies including CBT, solution-focused, psychodynamic, family, and integrative therapies for young people whose families have a low income. They help with resilience, social and emotional wellbeing, self-esteem, relationships, and making positive choices. Sessions can take place at the organisation’s office, your school, or sometimes over the phone.",1,8|9|10|11|12|13|14|15|16|17|18
Workshops and programmes 2-3 Degrees,https://2-3degrees.com/young-person/upcoming-programmes-events/,"Workshops and programmes to help young people navigate their future, including around employability, personal development, and youth voice.",1,
Resilience Young People's Service Turning Point,https://www.turning-point.co.uk/services/resilience,"Offers one-to-one support and workshops around sexual health, relationships, emotional wellbeing and drug and alcohol use. Also provides drop-ins where you can talk to a member of the team and access condoms and other materials to stay safe.",1,8|9|10|11|12|13|14|15|16|17|18|19|20|21|22|23|24|25
Sexual health support service SASH,https://www.sashlondon.org/,"Offers counselling, coaching, and peer support around sexual health and wellbeing, relationships, anxiety and depression, exploring emotions, chemsex, living with HIV ot an STI, sex working, or being LGBTQ+.",1,19|20|21|22|23|24|25
Masboro Youth Club Urban Partnership,https://www.upg.org.uk/masbro-youth-club/,"A Youth Club that offers a range of activities including sport, food, cooking, indoor activities, and arts and crafts, as well as opportunities for leadership and learning new skills.",1,8|9|10|11|12|13|14|15|16|17|18|19|20|21|22|23|24|25
Antidote drug and alcohol support London Friend,https://londonfriend.org.uk/antidote/,Drug and alcohol support for LGBTQ+ adults (including help around chemsex) through  one-to-one support as well as social activities and referrals. You can access support by dropping into a session or by emailing.,1,18|19|20|21|22|23|24|25
Counselling for LGBTBQ+ adults London Friend,https://londonfriend.org.uk/counselling/,"Offers LGBTQ+ adults 12 weeks of one-to-one counselling with a volunteer counsellor, as well as online group sessions for LGBTQ+ adults.",1,18|19|20|21|22|23|24|25
Social groups for LGBTQ+ adults London Friend,https://londonfriend.org.uk/london-friend-groups/,"A range of social groups for LGBTQ+ adults, including gender-specific groups and a group for neurodivergent people, as well as groups based around interests like crafts and creative writing.",1,18|19|20|21|22|23|24|25
Face-to-face support sessions The Listening Place,https://listeningplace.org.uk,"Offers regular face-to-face, one-to-one support sessions with a trained volunteer so adults can talk about their suicidal thouhgts and feelings in a non-judgemental setting.",1,18|19|20|21|22|23|24|25
Harrow Horizons Anna Freud,https://www.annafreud.org/services/harrow-horizons-early-intervention-and-prevention-service/,An emotional wellbeing service where Wellbeing Practitioners offer individual and group sessions for young people with ‘mild to moderate’ mental health needs.,,8|9|10|11|12|13|14|15|16|17|18|19|20|21|22|23|24|25
Support for young people who self-harm or experience disordered eating wish centre,https://thewishcentre.org.uk/get-help/make-a-referral/,Offers one-to-one therapy (including art therapy) and peer support groups for young who are self-harming or experience disordered eating. Cannot support young people who need crisis support.,1,13|14|15|16|17|18|19|20|21
One-to-one and small group mentoring Ignite Youth,https://www.igniteyouth.org.uk/71/Solution-Focused-Approach,"One-to-one and small group mentoring to help young people cope with stress and set goals. Ignite Youth  has roots in the Christian faith but supports young people of all faiths and none. It describes itself as ‘faith based, but not faith biased’ and says its ‘work embraces the diverse and dynamic makeup of our communities’.",1,11|12|13|14|15|16|17|18|19|20|21|22|23|24|25
Criminal justive initiatives Ignite Youth,https://www.igniteyouth.org.uk/188/Activities,"Initiatives that support young people to  reduce the risk of them becoming involved in gang activity upon release from prison. Ignite Youth  has roots in the Christian faith but supports young people of all faiths and none. It describes itself as ‘faith based, but not faith biased’ and says its ‘work embraces the diverse and dynamic makeup of our communities’.",1,11|12|13|14|15|16|17|18|19|20|21|22|23|24|25
Spear employment programme resurgo,https://resurgo.org.uk/spear-programme/sign-up-for-the-spear-programme/,"A programme of four to six weekly sessions to help unemployed young people with confidence, community, a CV and cover letter, interview training, and follow-on career support for up to 12 months",1,16|17|18|19|20|21|22|23|24
Compass Elevation Compass,https://compass-uk.org/services/harrow-elevation/,Confidential support for young people who need support around their own or someone else’s drug or alcohol use. Offers one-to-one support as well as specialist advice and guidance.,1,8|9|10|11|12|13|14|15|16|17|18|19|20|21|22|23|24
Via Harrow Via,https://www.viaorg.uk/services/harrow/,"Support for adults around their own  or someone else’s alcohol and drug use. Support can include regular sessions with a keyworker, support groups, and health and wellbeing advice.",1,18|19|20|21|22|23|24|25
Unemployment support Harrow Youth Stop,https://harrowyouthstop.careers,"Careers information, advice, guidance and support services for unemployed young people. Some programmes have specific age limits.",1,16|17|18|19|20|21|22|23|24
Young carers’ support Harrow Carers,https://harrowcarers.org/young-carers/,"Offers support including school drop-ins, activities and outings, one-to-one support, residentials, and home visits. Also support young people to access an assessment to talk about their caring role and any support they need.",1,8|9|10|11|12|13|14|15|16|17
Young adult carers’s support Harrow Carers,https://harrowcarers.org/young-carers/young-adult-carers/,"Offers emotional and wellbeing support (including counselling), support with moving from school to further education or employment, workshops for confidence and employment skills, and social activities, trips, and residentials.",1,16|17|18|19|20|21|22|23|24|25
Therapy for suicidal men James’ Place,https://www.jamesplace.org.uk/what-we-do/our-centres/london-centre/,"Six to eight face-to-face therapy sessions in Moorgate for men in suicidal crisis. James’ Place sees men quickly, without a waiting list. They cannot see people who are receiving treatment for a severe and long-lasting mental health condition. They welcome conversations with non-binary people who feel this service is right for them.",1,18|19|20|21|22|23|24|25
Support for bereaved young people Bereavement Care,https://bereavementcareandsupport.co.uk/how-we-can-help-you%3F,Specially trained volunteers support young people to understand and express their grief in ways that make sense for them. They can offer support at school or at home.,1,8|9|10|11|12|13|14|15|16|17|18
AIMS mentoring Hillingdon Council,https://www.hillingdon.gov.uk/targeted-programmes#cookie-consents-updated,"One-to-one mentoring to help children and young people overcome challenges and teach their potential. Mentors meet with you once a week to give advice, feedback, and encouragement.",1,11|12|13|14|15|16|17|18|19|20|21|22|23|24|25
Being Me Hillingdon Council,https://www.hillingdon.gov.uk/targeted-programmes#cookie-consents-updated,"Support for young people who have witnessed domestic abuse to explore self-esteem, healthy relationships and personal safety. and health and wellbeing advice.",1,8|9|10|11|12|13|14|15|16|17
BOUNCE Hillingdon Council,https://www.hillingdon.gov.uk/targeted-programmes#cookie-consents-updated,"Group programme to build resilience, communication and self-esteem for 8 to 11-year-olds.",1,8|9|10|11
iChoose Hillingdon Council,https://www.hillingdon.gov.uk/targeted-programmes#cookie-consents-updated,"Weekly groups for boys and young men. Each week, explore issues that affect young people through games, cooking, craft, sport, activities and discussion.",1,12|13|14|15|16|17|18|19
LGBTQIA+ Drop-in Hillingdon Council,https://www.hillingdon.gov.uk/targeted-programmes#cookie-consents-updated,Fortnightly groups for 13 to 16-year-olds and 16 to 19-year-olds who are questioning or identify as LGBTQIA+.,1,13|14|15|16|17|18|19
LINK counselling Hillingdon Council,https://www.hillingdon.gov.uk/targeted-programmes#cookie-consents-updated,"One-to-one counselling, online or in a community location.",1,13|14|15|16|17|18|19|20|21|22|23|24
SORTED Hillingdon Council,https://www.hillingdon.gov.uk/targeted-programmes#cookie-consents-updated,One-to-one mentoring and counselling around drugs and alcohol education.,1,11|12|13|14|15|16|17|18|19
Unique Swagga Hillingdon Council,https://www.hillingdon.gov.uk/targeted-programmes#cookie-consents-updated,"Weekly groups for girls and young women. Each week, explore issues that affect young people through games, cooking, craft, sport, activities and discussion.",1,12|13|14|15|16|17|18|19
Yoga For Wellness Hillingdon Council,https://www.hillingdon.gov.uk/targeted-programmes#cookie-consents-updated,"Yoga group to support young people who struggle with stress, anxiety, and/or depression.",1,15|16|17|18|19|20|21
Counselling for adults on low incomes Hillingdon Mind,https://www.mindinhillingdon.org.uk/our-services/counselling/the-free-counselling-service/,"Up to 12 sessions of counselling for peopl earning £16,000 or less a year.  You must be registered with a GP in Hillingdon and you will need to provide proof of your low income.",1,18|19|20|21|22|23|24|25
Befriending Hillingdon Unaccompanied Minors Project Hillingdon Refugee Support Group,https://www.bhump.org.uk,"Offers English and maths lessons, life-skills and befriending activities, and one-to-one practical and emotional support (including to help people access services and job interviews). You need to be referred by a professional like a school officer, social worker, support worker, or foster parent.",,16|17|18|19|20|21
Support for young carers Carers Trust Hillingdon and Ealing,https://www.carerstrusthillingdon.org/young-carer-services,"Offers one-to-one support, youth clubs, workshops, weekends away, whole family support, and school liaison for young carers.",1,8|9|10|11|12|13|14|15|16|17|18|19|20|21|22|23|24|25
P3 Yiewsley Navigator Wellbeing Service P3 Charity,https://p3charity.org/services/yiewsley-navigator-wellbeing,"Offers advice and guidance on education, employment, housing and personal welfare to support you in building a brighter future. You need to contact them to request a referral form.",1,13|14|15|16|17|18|19|20|21|22|23|24|25
Youth Club The Rugby Portobello Trust,https://www.rugbyportobello.org.uk/what-we-do/youth-club,"Sessions for young people in North Kensington every week in term time, as well as holiday activities including sports and trips.",1,13|14|15|16|17|18|19|20|21|22|23|24|25
Project Athena The Rugby Portobello Trust,https://www.rugbyportobello.org.uk/what-we-do/project-athena,"Weekly sessions for girls in North Kensington that offer the chance to learn practical skills (like sports, self-defence, make-up) and go on trips while learning to speak up for themselves and voice their opinion.",1,11|12|13|14|15|16
Man Cave The Rugby Portobello Trust,https://www.rugbyportobello.org.uk/what-we-do/man-cave,"Weekly sessions for boys in North Kensington that give them the chance to do an activity, cook a meal, and talk about a range of issues and improve their wellbeing. You have to be referred by social services, St Giles Trust, or another project or service from the Rugby Portobello Trust.",,14|15|16|17|18|19|20|21|22|23|24|25
Counselling Hounslow Youth Counselling Service,https://www.hycscounselling.co.uk,Confidential counselling for young people in Hounslow. You can talk about anything that is worrying you.,1,11|12|13|14|15|16|17|18|19|20|21|22|23|24|25
Youth clubs West Central London Mind,https://allkind.org.uk/children-young-people-services/youth-clubs/,Allkind puts Mental Health Youth Workers in youth clubs to make it easier for young people to get support. The workers can help you make a care plan and can also refer you to get more support. You can see the youth clubs with Mental Health Youth Workers on the Allkind website. This service used to be provided by West Central London Mind – the organisation has rebranded and changed its name to Allkind.,1,8|9|10|11|12|13|14|15|16|17|18
Mental Health Hub West Central London Mind,https://allkind.org.uk/children-young-people-services/mental-health-hub/,"A safe and supportive environment where young people can access a range of wellbeing services tailored to make sure they can access effective mental health support. You can access one-to-one support, creative activities, and group workshops. This service used to be provided by West Central London Mind – the organisation has rebranded and changed its name to Allkind.",1,10|11|12|13|14|15|16|17|18|19|20|21|22|23|24|25
Insight Kensington and Chelsea Insight,https://insightyoungpeople.org.uk/our-services/insight-kc/,"Offers information, advice and help to young people who are living with or affected by drug or alcohol issues. You’ll be allocated a key worker who will work with you. Support is based in the community to make it easier to access.",1,8|9|10|11|12|13|14|15|16|17|18|19|20|21|22|23|24|25
Insight Westminster Insight,http://insightyoungpeople.org.uk/our-services/insight-westminster/,"Offers information, advice and help to young people who are living with or affected by drug or alcohol issues. You’ll be allocated a key worker who will work with you. Support is based in the community to make it easier to access.",1,8|9|10|11|12|13|14|15|16|17|18|19|20|21|22|23|24|25
Activities for young people in North Kensington Making Communities Work and Grow (MCWG),https://www.mcwg.org.uk/activities,Activities for young people including separate clubs for boys and girls and clubs focused on sports. Different clubs have different age limits.,1,8|9|10|11|12|13|14|15|16
Support for young carers Royal Borough of Kensington and Chelsea,https://www.rbkc.gov.uk/kb5/rbkc/fis/advice.page?id=Bq0PP7KLzE0,The council’s Early Help Team can talk to you about your situation and give you support and advice. There is also a fortnightly virtual group for young carers and young carers can access funding to help them take part in physical activity.,1,8|9|10|11|12|13|14|15|16|17|18
Express Plus 1:1 arts therapy DreamArts,https://www.dreamarts.org.uk/projects/express/,"Offers weekly individual, parent-child, or family therapy using a creative arts approach. Sessions are during term-time, and young people can have up to 18 sessions.",1,8|9|10|11|12|13|14|15|16|17|18|19|20|21|22|23|24|25
Wellbeing Workshops DreamArts,https://www.dreamarts.org.uk/projects/express/,"A monthly group spae for young people, with creative activities on different wellbeing topics.",1,14|15|16|17|18
Brent Cove Hestia,https://www.hestia.org/brent-cove,"A safe, inviting, and inclusive space for individuals who are struggling to cope with their mental health and daily life. Anyone aged 16+ in crisis can drop in to get 1-to-1 support to as well as activities and a hot drink and snack.",1,16|17|18|19|20|21|22|23|24|25
Hammersmith and Fulham Mental Health Community Support Service Hestia,https://www.hestia.org/hammersmith-and-fulham-mental-health-community-support-service,"Supports adults who are struggling with their mental health to help them to re-discover their own strengths, aspirations and goals. Support might include community workshops, befriending, peer mentors, and one-to-one support. You need to be referred by your GP, someone in a mental health service, or another professional who’s helping you.",,18|19|20|21|22|23|24|25
Harrow Cove Hestia,https://www.hestia.org/harrow-cove,"A safe, inviting, and inclusive space for individuals who are struggling to cope with their mental health and daily life. Anyone aged 16+ in crisis can drop in to get 1-to-1 support to as well as activities and a hot drink and snack.",1,16|17|18|19|20|21|22|23|24|25
Harrow RISE Hestia,https://www.hestia.org/harrow-rise,"Supports adults who are struggling with their mental health to help them to re-discover their own strengths, aspirations and goals. Support might include community workshops, befriending, peer mentors, and one-to-one support. You need to be referred by your GP, someone in a mental health service, or another professional who’s helping you.",,18|19|20|21|22|23|24|25
Hillingdon Cove Hestia,https://www.hestia.org/hillingdon-cove,"A safe, inviting, and inclusive space for individuals who are struggling to cope with their mental health and daily life. Anyone aged 16+ in crisis can drop in to get 1-to-1 support to as well as activities and a hot drink and snack.",1,16|17|18|19|20|21|22|23|24|25
"Kensington, Chelsea and Westminster Cove Hestia",https://www.hestia.org/kensington-chelsea-and-westminster-crisis-cove,"A safe, inviting, and inclusive space for individuals who are struggling to cope with their mental health and daily life. Anyone aged 16+ in crisis can drop in to get 1-to-1 support to as well as activities and a hot drink and snack.",1,16|17|18|19|20|21|22|23|24|25
STRIDES CNWL NHS Foundation Trust,https://www.cnwl.nhs.uk/services/mental-health-services/eating-disorders/strides-support-recovery-disordered-eating-service,Provides evidence-based support and treatment for people experiencing mild to moderate eating difficulties. STRIDES stands for ‘Support to Recovery in Disordered Eating Service’.,1,16|17|18|19|20|21|22|23|24|25
Community Eating Disorders Service for Children and Young People CNWL NHS Foundation Trust,https://www.cnwl.nhs.uk/services/mental-health-services/eating-disorders/community-eating-disorder-service-children-and-young-people,"Offers help and support to young people who have (or are thought to have) an eating disorder including anorexia, bulimia, binge eating disorder, and other specified feeding or eating disorder.",,8|9|10|11|12|13|14|15|16|17
West London CAMHS eating disorders service West London NHS Trust,https://www.westlondon.nhs.uk/our-services/child-and-adolescent/camhs/how-we-help/what-we-can-help/west-london-camhs-eating-disorders-service,"Provides assessment and treatment to young people who have (or are thought to have) an eating disorder. If you self-refer to this service, you’ll need to see a GP for a physical health review and include this informaton in the referral form.",1,8|9|10|11|12|13|14|15|16|17
Vincent Square Eating Disorder Service CNWL NHS Foundation Trust,https://www.cnwl.nhs.uk/services/mental-health-services/eating-disorders/vincent-square-eating-disorder-service,"Provides a range of eating disorder treatments, including  nutritional, medical, and mental health care. It offers a lot of outpatient services, but also offfers inpatient care.",,18|19|20|21|22|23|24|25
West London Eating Disorder Service West London NHS Trust,https://www.westlondon.nhs.uk/our-services/adult/mental-health-services/eating-disorder-service,"Provides assessment, treatment and monitoring for adults with eating disorders. It provides a range of psychological therapies and dietetic (food) input.",,18|19|20|21|22|23|24|25
Brent Talking Therapies CNWL NHS Foundation Trust,https://talkingtherapies.cnwl.nhs.uk/brent,Provides a range of talking therapies for people who feel anxious or depressed.,1,17|18|19|20|21|22|23|24|25
Harrow Talking Therapies CNWL NHS Foundation Trust,https://talkingtherapies.cnwl.nhs.uk/harrow,Provides a range of talking therapies for people who feel anxious or depressed.,1,17|18|19|20|21|22|23|24|25
Hillingdon Talking Therapies CNWL NHS Foundation Trust,https://talkingtherapies.cnwl.nhs.uk/hillingdon,Provides a range of talking therapies for people who feel anxious or depressed.,1,17|18|19|20|21|22|23|24|25
Kensington and Chelsea Talking Therapies CNWL NHS Foundation Trust,https://talkingtherapies.cnwl.nhs.uk/KandC,Provides a range of talking therapies for people who feel anxious or depressed.,1,17|18|19|20|21|22|23|24|25
Westminster Talking Therapies CNWL NHS Foundation Trust,https://talkingtherapies.cnwl.nhs.uk/westminster,Provides a range of talking therapies for people who feel anxious or depressed.,1,17|18|19|20|21|22|23|24|25
Ealing Talking Therapies West London NHS Trust,https://www.westlondon.nhs.uk/ealing-talking-therapies,"Provides talking therapies for common problems like stress, anxiety, and depression.",1,18|19|20|21|22|23|24|25
Hammersmith and Fulham Talking Therapies West London NHS Trust,https://www.westlondon.nhs.uk/handf-talking-therapies,"Provides talking therapies for common problems like stress, anxiety, and depression.",1,18|19|20|21|22|23|24|25
Hounslow Talking Therapies West London NHS Trust,https://www.westlondon.nhs.uk/hounslow-talking-therapies,"Provides talking therapies for common problems like stress, anxiety, and depression.",1,18|19|20|21|22|23|24|25
Brent CAMHS CNWL NHS Foundation Trust,https://www.cnwl.nhs.uk/camhs/our-services/specialist-camhs/brent-camhs,"Provides mental and emotional health specialist services for children and young people and their families and carers. Offers a range of support, including talking therapies, art therapy, and family therapy. Young people, families, and carers can call Brent CAMHS for advice but to get ongoing support from CAMHS you need to be referred by a healthcare professional (like a GP) or someone at your school. You might be referred to a service called LYRA first. LYRA is a new service that helps to make sure young people are referred to the right service to help them. ",,8|9|10|11|12|13|14|15|16|17
Harrow CAMHS CNWL NHS Foundation Trust,https://www.cnwl.nhs.uk/camhs/our-services/specialist-camhs/harrow-camhs,"Provides mental and emotional health specialist services for children and young people and their families and carers. Offers a range of support, inclduing talking therapies, art therapy, and family therapy. You can get support in-person or online. Young people, families, and carers can call Harrow CAMHS for advice but to get ongoing support from CAMHS you need to be referred by a healthcare professional (like a GP) or someone at your school.",,8|9|10|11|12|13|14|15|16|17
Hillingdon CAMHS CNWL NHS Foundation Trust,https://www.cnwl.nhs.uk/camhs/our-services/specialist-camhs/hillingdon-camhs,"Provides  mental and emotional health specialist services for children and young people and their families and carers. Young people, families, and carers can call Hillingdon CAMHS for advice but to get ongoing support from CAMHS you need to be referred by a healthcare professional (like a GP) or someone at your school.",,8|9|10|11|12|13|14|15|16|17
Kensington and Chelsea CAMHS CNWL NHS Foundation Trust,https://www.cnwl.nhs.uk/camhs/our-services/specialist-camhs/kensington-and-chelsea-camhs,"Provides mental and emotional health specialist services for children and young people and their families and carers. Offers a range of support, inclduing talking therapies, art therapy, and family therapy. You can get support in-person or online. Young people, families, and carers can call Kensington and Chelsea CAMHS for advice but to get ongoing support from CAMHS you need to be referred by a healthcare professional (like a GP) or someone at your school.",,8|9|10|11|12|13|14|15|16|17
Westminster CAMHS CNWL NHS Foundation Trust,https://www.cnwl.nhs.uk/camhs/our-services/specialist-camhs/westminster-camhs,"Provides mental and emotional health specialist services for children and young people and their families and carers. Offers a range of support, inclduing talking therapies, art therapy, and family therapy. You can get support in-person or online. Young people, families, and carers can call Westminster CAMHS for advice but to get ongoing support from CAMHS you need to be referred by a healthcare professional (like a GP) or someone at your school.",,8|9|10|11|12|13|14|15|16|17
"Ealing, Hammersmith and Fulham, and Hounslow CAMHS West London NHS Trust",https://www.westlondon.nhs.uk/our-services/child-and-adolescent/camhs,"Supports young people with assessments and treatment for a range of emotional, behavioural, and mental health difficulties. You might be offered talking therapy, family therapy, or (in some cases) medication.",,8|9|10|11|12|13|14|15|16|17
Mental health Integrated Network Teams (MINT) West London NHS Trust,https://www.westlondon.nhs.uk/mint,"Mental Health Integrated Network Teams provide community-based mental healthcare for adults with mental health difficulties. They offer joined-up, personalised treatment and care including therapeutic support, mental health education, employemnt and volunteering support, peer support, and community link workers. Most people are referred by their GP, but some people are referred from other mental health services or social care services.",,18|19|20|21|22|23|24|25
Brent Community Mental Health Hubs CNWL NHS Foundation Trust,https://www.cnwl.nhs.uk/services/mental-health-services/adult-and-older-adult/Brent-community-mental-health-hubs,"Provides support for adults with mental health conditions. Offers intervention-based care focused on recovery through evidence-based support including talking therapies, social support, medication, and employment support. Support is joined-up, so you can get mental health support and practical support with things like employment at the same time.",,18|19|20|21|22|23|24|25
Harrow Community Mental Health Hubs CNWL NHS Foundation Trust,https://www.cnwl.nhs.uk/services/mental-health-services/adult-and-older-adult/Harrow-community-mental-health-hubs,"Provides support for adults with mental health conditions. Offers intervention-based care focused on recovery through evidence-based support including talking therapies, social support, medication, and employment support. Support is joined-up, so you can get mental health support and practical support with things like employment at the same time.",,18|19|20|21|22|23|24|25
Hillingdon Community Mental Health Hubs CNWL NHS Foundation Trust,https://www.cnwl.nhs.uk/services/mental-health-services/adult-and-older-adult/Hillingdon-community-mental-health-hubs,"Provides support for adults with mental health conditions. Offers intervention-based care focused on recovery through evidence-based support including talking therapies, social support, medication, and employment support. Support is joined-up, so you can get mental health support and practical support with things like employment at the same time.",,18|19|20|21|22|23|24|25
Kensington and Chelsea Community Mental Health Hubs CNWL NHS Foundation Trust,https://www.cnwl.nhs.uk/services/mental-health-services/adult-and-older-adult/Kensington-and-Chelsea-community-mental-health-hubs,"Provides support for adults with mental health conditions. Offers intervention-based care focused on recovery through evidence-based support including talking therapies, social support, medication, and employment support. Support is joined-up, so you can get mental health support and practical support with things like employment at the same time.",,18|19|20|21|22|23|24|25
Westminster Community Mental Health Hubs CNWL NHS Foundation Trust,https://www.cnwl.nhs.uk/westminster-community-mental-health-hub,"Provides support for adults with mental health conditions. Offers intervention-based care focused on recovery through evidence-based support including talking therapies, social support, medication, and employment support. Support is joined-up, so you can get mental health support and practical support with things like employment at the same time.",,18|19|20|21|22|23|24|25
"Safe Space Mind Hammersmith, Fulham, Ealing, and Hounslow and West London NHS Trust",https://www.westlondon.nhs.uk/our-services/adult/mental-health-services/safe-spaces,"A crisis alternative service that offers a calm, welcoming and warm environment for people to go to when in crisis. When you’re there, friendly staff will listen to you and help you get the support you need, including by helping you with strategies to cope in the moment, giving you resoruces to take away, and connecting you with other local services. You can drop-in in person or call on the phone.",1,18|19|20|21|22|23|24|25
"The Circle Mind Hammersmith, Fulham, Ealing, and Hounslow and West London NHS Trust",https://www.hfehmind.org.uk/get-support/service-for-schools/support-for-children-young-people/circle-cafe-childrens-hub/,"The Circle provides in-the-moment mental health support for children and young people in a safe space on South Ealing Road (W5 4QA). Some of its opening times are for young people to drop in without an appointment, but you can make appointments too.",1,8|9|10|11|12|13|14|15|16|17|18
The Coves Hestia and CNWL NHS Foundation Trust,https://www.cnwl.nhs.uk/services/coves,"A community-based crisis alternative service that offers non-clinical support to people experiencing crisis or mental distress. They can help you with skills to cope in the moment, as well as helping you make a support plan and get information about local services. You can drop-in to get support in-person, or get support over the phone or through Zoom. You must not be under the influence of alcohol or drugs.",1,18|19|20|21|22|23|24|25
Discover Together (CNWL Discovery College) CNWL NHS Foundation Trust,https://www.cnwl.nhs.uk/discover,"In-person and online workshops designed to help young adults maintain mental wellbeing, build resilience, and thrive. Each session is facilitated by a clinical trainer and lived experience trainer. Sessions offer a collaborative space to have open conversations and try things that help sustain good mental health.",1,16|17|18|19|20|21|22|23|24|25
Young Adult Community Navigator Service CNWL NHS Foundation Trust,https://www.cnwl.nhs.uk/services/mental-health-services/adult-and-older-adult/young-adult-community-navigator-service,"Provides emotional and practical support to young adults, working in partnership with local third-sector organisations. Community Navigators take a non-clinical approach and support young adults with their goals, including offering help with wellbeing, benefits, housing, employment, education and access to local services.",,16|17|18|19|20|21|22|23|24|25
Kooth,https://www.kooth.com/signup/available-in-many-areas,"An online platform that offers one-to-one online chats with mental health professionals. You can chat to a professional when the chat is open, but you can explore the other parts of Kooth all the time.",1,10|11|12|13|14|15|16|17|18|19|20|21|22|23|24|25
Brent Wellbeing Team,https://www.annafreud.org/services/services-for-professionals/brent-wellbeing-team/,"Qualified wellbeing practitioners provide short-term therapeutic support for young people with mild to moderate mental health and emotional wellbeing needs. You need to meet at least two of: living in Brent, having a GP in Brent, and attending school in Brent. The service supports 5 to 18 year olds, or young people up to age 25 if they have a special educational need or are disabled. You can refer yourself, but parents/carers and professionals can make referrals too.",1,5|6|7|8|9|10|11|12|13|14|15|16|17|18|19|20|21|22|23|24|25
LYRA,https://www.brent.gov.uk/children-young-people-and-families/support-for-parents-and-families/childrens-public-health/children-and-young-peoples-mental-health,"LYRA is a service that links together NHS teams and charities in Brent. It offers initial assessments to young people (aged up to 18, or 25 if they have a special educational need or are disabled), and then makes sure they’re referred on to the right service(s) to help them, which could include CAMHS and/or another organisation or service. LYRA doesn't provide talking therapy, but the people who work there can refer you on to the best organisation to provide therapy for you. You can refer yourself to LYRA by calling or emailing the CNWL single point of access. ",1,5|6|7|8|9|10|11|12|13|14|15|16|17|18|19|20|21|22|23|24|25
Learning Disability Helpline,https://www.mencap.org.uk/advice-and-support/learning-disability-helpline,"A helpline that gives advice and support to people with a learning disability and their families and carers. They can advise on things like social care, safeguarding, benefits, and housing. They are not a crisis service. ",1,8|9|10|11|12|13|14|15|16|17|18|19|20|21|22|23|24|25
Scope helpline,https://www.scope.org.uk/helpline,"A helpline giving advice and support on issues that matter to disabled people and their families. They can help with things like benefits, social care, housing, equipment, and working. ",1,8|9|10|11|12|13|14|15|16|17|18|19|20|21|22|23|24|25
Beat eating disorder helpline,https://www.beateatingdisorders.org.uk/get-information-and-support/get-help-for-myself/i-need-support-now/helplines/,"Information and support for anyone who is struggling with their eating – you do not need a formal diagnosis to get in touch. An advisor will work with you to make an action plan, and direct you towards information and support that will help you (or your lived one) work towards recovery. Scotland, Wales, and Northern Ireland have different phone numbers and email addresses, listed on the Beat website. ",1,8|9|10|11|12|13|14|15|16|17|18|19|20|21|22|23|24|25
Kids Can Achieve support for SEND,https://kidscanachieve.co.uk/services/family-service/,"Kids Can Achieve has a family service that provides free one-to-one and group support to the parents and carers of children with a special educational need or disability. Your parents or carers can get help with things like benefits, housing, and emotional support – you don’t need a diagnosis. If you have a learning disability, your family might be able to get a small grant too. Kids Can Achieve also runs clubs and activities in Harrow, but these cost money – they can help you work out if the council or NHS can help you pay for you.",1,8|9|10|11|12|13|14|15|16|17|18|19|20|21|22|23|24|25
Wealdstone Youth Hub,https://www.harrow.gov.uk/childrens-social-care/wealdstone-youth-centre,"The youth hub provides lots of different activities including youth clubs, cooking sessions, gym sessions, a games night, and the Harrow Youth Parliament. Sessions are held in a few different places and have different age limits. Sometimes you can drop in, but sometimes you need to book over the phone. The youth hub also runs mental toughness sessions, but you need to be referred before you can go to these.",1,9|10|11|12|13|14|15|16|17|18|19|20|21|22|23|24|25
Empower,https://www.watfordfccsetrust.com/project/empower/,"Empower offers young people who are struggling with their mental health weekly sessions for three months. Each session has 60 minutes of sport, followed by a 30-minute wellbeing workshop. You do not need a diagnosis, but Empower is only for people who are struggling with their wellbeing. A parent or carer can refer you. ",1,9|10|11|12